contractSymbol,lastTradeDate,strike,lastPrice,bid,ask,change,percentChange,volume,openInterest,impliedVolatility,inTheMoney,contractSize,currency,timeToExpiry,mid,moneyness,impliedVol,delta,gamma,vega,theta,rho,speed
SPY260313C00480000,2026-03-10 20:10:39+00:00,480.0,197.82,185.12,187.59,0.0,0.0,12.0,30,2.722659443359375,True,REGULAR,USD,0.0027397260273972603,186.35500000000002,0.7206557994165894,2.6616005859375003,0.9922787974499772,0.00022896598352129262,0.7407091129198689,-376.90160282088857,1.3001727126147113,-6.3196921301947005e-06
SPY260313C00485000,2026-03-11 14:27:03+00:00,485.0,190.84,179.86,182.6,0.0,0.0,4.0,13,2.4707069482421877,True,REGULAR,USD,0.0027397260273972603,181.23000000000002,0.7281626306605122,2.3784541015625003,0.9954887794453077,0.00015909484994332715,0.45992258305756856,-217.00743902698525,1.3200707781421661,-5.248828253051232e-06
SPY260313C00495000,2026-03-03 14:53:02+00:00,495.0,178.75,169.86,172.6,0.0,0.0,,2,2.328129179687499,True,REGULAR,USD,0.0027397260273972603,171.23000000000002,0.7431762931483579,2.2368808593750003,0.995263734736632,0.00017667506472711662,0.480343536124816,-213.81593220405946,1.3470580675086388,-6.143140146968892e-06
SPY260313C00500000,2026-03-12 19:53:18+00:00,500.0,167.0,164.86,167.6,-6.649994,-3.8295388,2.0,23,2.2558637353515625,True,REGULAR,USD,0.0027397260273972603,166.23000000000002,0.7506831243922807,2.16853515625,0.9951183992278896,0.0001872209110807785,0.4934630742954633,-213.19345952419576,1.360489797762876,-6.680367765266986e-06
SPY260313C00505000,2026-03-03 14:50:51+00:00,505.0,168.68,159.81,162.6,0.0,0.0,,1,2.144535888671875,True,REGULAR,USD,0.0027397260273972603,161.20499999999998,0.7581899556362035,2.0464892578125005,0.9958392966764499,0.0001720066556171111,0.42784706743289863,-177.89427328788298,1.3755716129087652,-6.619838839989395e-06
SPY260313C00510000,2026-03-12 18:56:54+00:00,510.0,157.63,154.86,157.6,-1.3199921,-0.8304449,1.0,7,2.1171922070312497,True,REGULAR,USD,0.0027397260273972603,156.23000000000002,0.7656967868801263,2.03184375,0.9948316064893743,0.0002102379502881378,0.519200688352013,-210.78084119242095,1.3873625413336481,-7.926473286924312e-06
SPY260313C00515000,2026-03-09 17:48:18+00:00,515.0,154.35,149.87,152.61,0.0,0.0,2.0,8,2.0605517236328126,True,REGULAR,USD,0.0027397260273972603,151.24,0.7732036181240491,1.9830253906250004,0.9943115511786351,0.0002345760219031527,0.5653868852258279,-223.03736772890554,1.4000834040890908,-8.939632081111603e-06
SPY260313C00520000,2026-03-09 16:03:46+00:00,520.0,150.02,144.87,147.61,0.0,0.0,4.0,3,1.9921875390625,True,REGULAR,USD,0.0027397260273972603,146.24,0.780710449367972,1.9146796875,0.9941521815731684,0.00024898024669153254,0.5794218404921967,-221.06589932029763,1.413491917505198,-9.777723863921636e-06
SPY260313C00525000,2026-03-06 20:44:50+00:00,525.0,148.39,139.87,142.61,0.0,0.0,4.0,1,1.9218753906250001,True,REGULAR,USD,0.0027397260273972603,141.24,0.7882172806118947,1.8463339843750002,0.9939951705856148,0.00026433509202063404,0.5931969700728268,-218.65683065125586,1.4269056059475744,-1.071195653860799e-05
SPY260313C00535000,2026-02-17 16:18:40+00:00,535.0,149.18,129.87,132.61,0.0,0.0,18.0,14,1.787110439453125,True,REGULAR,USD,0.0027397260273972603,131.24,0.8032309430997403,1.7145244140625,0.9935687081034575,0.0003024902498653598,0.6303603568930165,-216.3660088623437,1.4535221878468316,-1.304261618634941e-05
SPY260313C00545000,2026-02-13 18:57:46+00:00,545.0,141.75,119.88,122.61,0.0,0.0,1.0,3,1.6582048339843751,True,REGULAR,USD,0.0027397260273972603,121.245,0.8182446055875859,1.5900375976562504,0.9929168971661224,0.00035521640708751024,0.6864900537133152,-218.67744814871355,1.4797170070734198,-1.6252131187754388e-05
SPY260313C00550000,2026-03-11 15:12:38+00:00,550.0,126.58,114.83,117.62,0.0,0.0,1.0,6,1.5683615332031249,True,REGULAR,USD,0.0027397260273972603,116.225,0.8257514368315088,1.4948417968750003,0.9935655415469808,0.00034709549275592527,0.6306349634784166,-191.7096910529945,1.4946540640209638,-1.708752452642134e-05
SPY260313C00555000,2026-03-06 14:30:38+00:00,555.0,119.0,109.85,112.62,0.0,0.0,3.0,11,1.5136743066406249,True,REGULAR,USD,0.0027397260273972603,111.235,0.8332582680754316,1.4460234375,0.992841020104369,0.00039428273597965935,0.6929739867400493,-202.70485237198568,1.5070026750027103,-1.974718656634829e-05
SPY260313C00560000,2026-03-06 16:57:25+00:00,560.0,115.72,104.86,107.62,0.0,0.0,1.0,2,1.453127734375,True,REGULAR,USD,0.0027397260273972603,106.24000000000001,0.8407650993193544,1.3874414062500002,0.9923662092188963,0.0004348569966437719,0.7333224010879369,-205.6813633017224,1.5198239222846097,-2.2462600515797753e-05
SPY260313C00565000,2026-03-09 17:49:01+00:00,565.0,104.28,99.88,102.62,0.0,0.0,3.0,3,1.396487392578125,True,REGULAR,USD,0.0027397260273972603,101.25,0.8482719305632772,1.33618212890625,0.9915575557705795,0.0004933282844866172,0.8011899876278235,-215.53147327945925,1.5320198366530766,-2.604278059889288e-05
SPY260313C00570000,2026-03-12 15:06:13+00:00,570.0,98.41,94.91,97.63,-0.12999725,-0.13192333,1.0,1,1.3496126269531248,True,REGULAR,USD,0.0027397260273972603,96.27,0.8557787618072,1.2946865234375,0.9901906152831789,0.0005806342541255493,0.9136947278796481,-236.19347468791662,1.5431701650126968,-3.0890321012970563e-05
SPY260313C00580000,2026-03-12 17:42:54+00:00,580.0,89.42,84.89,87.63,-2.880005,-3.1202652,17.0,25,1.2089883300781248,True,REGULAR,USD,0.0027397260273972603,86.25999999999999,0.8707924242950456,1.15555419921875,0.9898097021339733,0.0006725406534929766,0.9445886004325764,-219.86013565767624,1.5698994137858724,-3.972764284872786e-05
SPY260313C00585000,2026-03-09 16:30:19+00:00,585.0,86.37,79.9,82.64,0.0,0.0,2.0,5,1.1513714306640623,True,REGULAR,USD,0.0027397260273972603,81.27000000000001,0.8782992555389684,1.1018540039062499,0.988713534357446,0.0007709391958578597,1.0324713732819584,-228.42866754763688,1.5815702440394177,-4.692691151608528e-05
SPY260313C00590000,2026-03-12 18:07:33+00:00,590.0,78.85,74.92,77.64,-6.9000015,-8.046649,69.0,19,1.09375453125,True,REGULAR,USD,0.0027397260273972603,76.28,0.8858060867828912,1.0481538085937498,0.9874356549520767,0.0008894583679877194,1.1331423743052595,-237.7164755264618,1.5929061632082508,-5.584449842555849e-05
SPY260313C00595000,2026-03-11 13:36:54+00:00,595.0,83.23,69.92,72.64,0.0,0.0,1.0,5,1.0273486132812502,True,REGULAR,USD,0.0027397260273972603,71.28,0.893312918026814,0.983469482421875,0.9867660691212987,0.000991494745115306,1.1851822628580344,-233.84433449202822,1.6053846309766695,-6.566482506342332e-05
SPY260313C00600000,2026-03-12 18:46:50+00:00,600.0,68.04,64.91,67.65,-6.959999,-9.279999,11.0,43,0.9609378906249999,True,REGULAR,USD,0.0027397260273972603,66.28,0.9008197492707368,0.91878515625,0.9860256922189872,0.0011123462333099624,1.2421893375990465,-229.57474087483808,1.617734540366304,-7.799878850456551e-05
SPY260313C00605000,2026-03-12 15:33:35+00:00,605.0,62.95,59.91,62.65,-7.6499977,-10.8356905,4.0,5,0.8955088574218748,True,REGULAR,USD,0.0027397260273972603,61.28,0.9083265805146596,0.8553212890624999,0.9850828883433309,0.0012639657143431768,1.3140092241351222,-226.55590958939956,1.6297112382319447,-9.397565092867622e-05
SPY260313C00610000,2026-03-12 19:48:55+00:00,610.0,57.06,54.91,57.66,-12.049999,-17.43597,283.0,16,0.8320329296874999,True,REGULAR,USD,0.0027397260273972603,56.285,0.9158334117585825,0.7955187988281252,0.9836062034711219,0.0014736296197898127,1.42486141995453,-228.45322264072166,1.6406995048334347,-0.0001156358609605926
SPY260313C00611000,2026-03-10 15:01:07+00:00,611.0,70.73,53.92,56.66,0.0,0.0,2.0,2,0.82226740234375,True,REGULAR,USD,0.0027397260273972603,55.29,0.917334778007367,0.7857551269531251,0.9830331628076465,0.0015364497737318226,1.4673693035520263,-232.03207837828643,1.6423813401107474,-0.00012125994124532796
SPY260313C00612000,2026-03-09 17:06:12+00:00,612.0,59.53,52.92,55.66,0.0,0.0,10.0,10,0.8085956640624999,True,REGULAR,USD,0.0027397260273972603,54.29,0.9188361442561516,0.772330078125,0.9828515389711778,0.0015774485307577723,1.4807849266886082,-230.35957313017553,1.6447919221436234,-0.00012636687748409744
SPY260313C00613000,2026-03-09 13:31:28+00:00,613.0,55.06,51.89,54.66,0.0,0.0,2.0,4,0.78711150390625,True,REGULAR,USD,0.0027397260273972603,53.275,0.9203375105049361,0.7503618164062501,0.983651897657094,0.0015585834031786052,1.4214598972960382,-216.35451539477566,1.6490286106965992,-0.000129588241359387
SPY260313C00614000,2026-02-23 14:30:22+00:00,614.0,76.72,50.94,53.66,0.0,0.0,,1,0.78711150390625,True,REGULAR,USD,0.0027397260273972603,52.3,0.9218388767537207,0.7540231933593751,0.9814342166342244,0.0017289845922574651,1.5845635672604763,-239.73081369295906,1.6476535089077629,-0.00013968488528242275
SPY260313C00615000,2026-03-12 14:53:51+00:00,615.0,53.79,49.88,52.66,-8.369999,-13.465249,34.0,49,0.7578149218750001,True,REGULAR,USD,0.0027397260273972603,51.269999999999996,0.9233402430025053,0.72107080078125,0.9836066292686227,0.0016257404849938039,1.4248297313740637,-209.2706097636762,1.6544404530891748,-0.00014049203933995364
SPY260313C00617000,2026-03-09 17:06:12+00:00,617.0,54.6,48.2,50.66,0.0,0.0,10.0,28,0.804689453125,True,REGULAR,USD,0.0027397260273972603,49.43,0.9263429755000744,0.7808732910156251,0.9709390111842693,0.002434249473456971,2.310359121028182,-350.7795361547914,1.63636503847119,-0.00017307898295082822
SPY260313C00618000,2026-03-06 15:51:29+00:00,618.0,55.97,46.93,49.67,0.0,0.0,1.0,13,0.73437765625,True,REGULAR,USD,0.0027397260273972603,48.3,0.9278443417488589,0.70154345703125,0.9803268862954816,0.00195214750456131,1.6645661045692095,-234.91508134013733,1.6565945223713228,-0.00016739599382840044
SPY260313C00619000,2026-03-09 20:08:56+00:00,619.0,57.93,46.2,48.67,0.0,0.0,3.0,3,0.778322529296875,True,REGULAR,USD,0.0027397260273972603,47.435,0.9293457079976435,0.7552436523437501,0.9696618766219678,0.0026083006844673817,2.3943000664778538,-351.5840435092902,1.639500443840615,-0.00018973973110469802
SPY260313C00620000,2026-03-12 19:51:50+00:00,620.0,47.01,44.93,47.67,-11.41,-19.530983,173.0,30,0.7070341796875,True,REGULAR,USD,0.0027397260273972603,46.3,0.9308470742464281,0.6759138183593749,0.9796211930533768,0.002087658746945575,1.7150811475285763,-233.41560621144455,1.6607846771241468,-0.0001843952738455897
SPY260313C00621000,2026-03-12 14:49:22+00:00,621.0,47.54,44.21,46.67,-1.4300003,-2.9201558,8.0,4,0.75195560546875,True,REGULAR,USD,0.0027397260273972603,45.44,0.9323484404952126,0.729614013671875,0.9682666954036181,0.0028022627792772606,2.485054190741531,-352.50765416031373,1.6424192370867159,-0.00020866579324840332
SPY260313C00622000,2026-02-27 15:14:04+00:00,622.0,66.4,43.2,45.67,0.0,0.0,1.0,1,0.7358424853515625,True,REGULAR,USD,0.0027397260273972603,44.435,0.9338498067439972,0.7137480468749999,0.9680771146813467,0.0028786840617721224,2.497311830446738,-346.94042225689907,1.64482618003055,-0.000218718319665824
SPY260313C00623000,2026-02-12 17:33:58+00:00,623.0,65.97,41.94,44.68,0.0,0.0,,2,0.6718782812500002,True,REGULAR,USD,0.0027397260273972603,43.31,0.9353511729927817,0.6423402171036058,0.9776546197758074,0.0023747385127010764,1.8540214233568126,-239.25512781523676,1.6653880374241086,-0.00021645320872890614
SPY260313C00624000,2026-03-09 17:52:25+00:00,624.0,46.03,40.89,43.68,0.0,0.0,8.0,2,0.64648791015625,True,REGULAR,USD,0.0027397260273972603,42.285,0.9368525392415663,0.6153534410079788,0.9795408902422791,0.002300772353119308,1.7208068335176236,-215.24588976896786,1.671638363770492,-0.00022270399349453546
SPY260313C00625000,2026-03-12 19:57:38+00:00,625.0,41.48,39.94,42.68,-9.139999,-18.056103,3.0,20,0.6445348046875,True,REGULAR,USD,0.0027397260273972603,41.31,0.9383539054903508,0.6161119549013084,0.9768268950657409,0.002552897544484366,1.911731340166215,-236.92171469404033,1.6693570392924604,-0.00024061312373081133
SPY260313C00626000,2026-03-12 19:57:38+00:00,626.0,40.43,38.94,41.68,-4.5,-10.01558,1.0,4,0.63086306640625,True,REGULAR,USD,0.0027397260273972603,40.31,0.9398552717391354,0.6029779048502962,0.9763872214308634,0.0026500891134413266,1.9422078936071088,-235.7186016471448,1.6712944388386834,-0.00025412460481933724
SPY260313C00628000,2026-03-03 15:36:41+00:00,628.0,47.05,36.95,39.69,0.0,0.0,,2,0.6084023535156251,True,REGULAR,USD,0.0027397260273972603,38.32,0.9428580042367045,0.5815675097955881,0.9744948982298887,0.002931296338104519,2.072018839616472,-241.9335499395199,1.6732933411404793,-0.0002865233814086498
SPY260313C00629000,2026-03-04 15:21:59+00:00,629.0,57.5,35.95,38.69,0.0,0.0,1.0,1,0.594730615234375,True,REGULAR,USD,0.0027397260273972603,37.32,0.9443593704854891,0.5683032877843744,0.9739767280112963,0.0030506348030087537,2.107192576223226,-240.58943580217618,1.6750874988433861,-0.000303709955538312
SPY260313C00630000,2026-03-12 19:59:20+00:00,630.0,36.29,34.96,37.7,-9.459999,-20.677593,8.0,76,0.584965087890625,True,REGULAR,USD,0.0027397260273972603,36.33,0.9458607367342736,0.5596144033447892,0.9724585444213779,0.0032482156120942646,2.209365518262795,-247.68213573174359,1.6750294127467333,-0.0003242421418280472
SPY260313C00631000,2026-03-09 19:33:05+00:00,631.0,48.0,33.96,36.7,0.0,0.0,2.0,5,0.5708050732421875,True,REGULAR,USD,0.0027397260273972603,35.33,0.9473621029830582,0.54623036069817,0.971871557417424,0.003386790117229935,2.248526228012739,-246.21133736261913,1.6766979919418394,-0.0003446011203445877
SPY260313C00632000,2026-03-12 20:00:16+00:00,632.0,34.37,32.97,35.71,-23.690002,-40.80262,7.0,7,0.56055126953125,True,REGULAR,USD,0.0027397260273972603,34.34,0.9488634692318428,0.537129703628,0.9702567868976307,0.003607729152740316,2.3553038069479992,-252.9407414987841,1.6764636522519107,-0.0003684967936026435
SPY260313C00633000,2026-03-12 15:43:00+00:00,633.0,34.3,33.03,34.71,-20.530003,-37.44301,4.0,6,0.6835969140625001,True,REGULAR,USD,0.0027397260273972603,33.870000000000005,0.9503648354806273,0.6716725697767881,0.9290085282752459,0.005796198217367284,4.731890433901767,-601.1221243275979,1.6024805974619263,-0.00037217915686201
SPY260313C00634000,2026-03-10 18:05:33+00:00,634.0,48.4,31.74,33.72,0.0,0.0,12.0,9,0.6381872119140625,True,REGULAR,USD,0.0027397260273972603,32.73,0.9518662017294119,0.6249670391365972,0.9366687971025116,0.005702882535088986,4.331969377273081,-515.4000704294276,1.619582510307615,-0.00040834319020137194
SPY260313C00635000,2026-03-12 20:03:16+00:00,635.0,32.11,30.74,32.72,-12.299999,-27.696463,17.0,55,0.622074091796875,True,REGULAR,USD,0.0027397260273972603,31.729999999999997,0.9533675679781964,0.6093417798755881,0.9352808560284891,0.005948549682282313,4.405608368269484,-511.2387223192758,1.6197894913851285,-0.0004335253613922079
SPY260313C00636000,2026-03-09 14:23:34+00:00,636.0,31.71,29.75,31.73,0.0,0.0,6.0,2,0.6084023535156251,True,REGULAR,USD,0.0027397260273972603,30.740000000000002,0.954868934226981,0.5958912942765856,0.9331130868107179,0.006240156448883919,4.519562090634047,-512.8003393190353,1.6185460279095119,-0.00045974412963998315
SPY260313C00637000,2026-03-12 15:21:59+00:00,637.0,30.33,28.76,30.74,-8.980001,-22.844063,3.0,8,0.5944864770507813,True,REGULAR,USD,0.0027397260273972603,29.75,0.9563703004757655,0.5822951890966868,0.9308467565397837,0.00655228015531744,4.637345980189474,-514.0840314180214,1.617122707801035,-0.0004882116029143833
SPY260313C00638000,2026-03-12 17:18:29+00:00,638.0,30.87,27.01,29.75,-11.6,-27.313396,4.0,4,0.7392604199218749,True,REGULAR,USD,0.0027397260273972603,28.380000000000003,0.9578716667245502,0.46998238484992994,0.9612993905330862,0.005119845480691083,2.9246390409637195,-272.9106174899558,1.6764467662097824,-0.0005594988155711384
SPY260313C00639000,2026-03-12 19:55:06+00:00,639.0,28.31,27.17,27.59,-10.030001,-26.16067,6.0,8,0.5283250292968751,True,REGULAR,USD,0.0027397260273972603,27.380000000000003,0.9593730329733348,0.4559755551989744,0.9602718995270217,0.0053908696302194465,2.987681022255875,-270.6919703183216,1.6773115042537943,-0.0006028551225680513
SPY260313C00640000,2026-03-12 20:00:46+00:00,640.0,26.64,26.18,26.66,-8.43,-24.03764,199.0,126,0.5278367529296876,True,REGULAR,USD,0.0027397260273972603,26.42,0.9608743992221193,0.4544909691745899,0.9548453655143259,0.005998664870370047,3.313703879963225,-296.8286419331501,1.670039158991841,-0.0006502401191323642
SPY260313C00641000,2026-03-12 19:55:06+00:00,641.0,26.33,25.19,25.65,-10.440001,-28.392712,5.0,5,0.5100146655273439,True,REGULAR,USD,0.0027397260273972603,25.42,0.9623757654709039,0.4401120872245723,0.9535764295499041,0.006334174986098717,3.3883416287594814,-294.1335185882192,1.6704633247113239,-0.0007032799742172192
SPY260313C00642000,2026-03-12 19:55:09+00:00,642.0,25.39,24.25,24.68,0.59000015,2.3790329,9.0,8,0.500005,True,REGULAR,USD,0.0027397260273972603,24.465,0.9638771317196884,0.4381608638278199,0.9473815253690998,0.007031429811360178,3.7446485913441316,-321.30447244848887,1.6617751681504982,-0.0007562364615559437
SPY260313C00643000,2026-03-12 19:55:07+00:00,643.0,24.36,23.22,23.7,-11.57,-32.201504,3.0,12,0.48779809082031256,True,REGULAR,USD,0.0027397260273972603,23.46,0.965378497968473,0.42207370213878187,0.946346278198431,0.00741306446597516,3.802943813765968,-314.8122955231107,1.662639451351764,-0.0008224273015841631
SPY260313C00644000,2026-03-09 19:49:11+00:00,644.0,23.4,22.24,22.71,-11.910002,-33.729824,5.0,6,0.4731497998046875,True,REGULAR,USD,0.0027397260273972603,22.475,0.9668798642172575,0.411070424614572,0.9430281828761593,0.007980885151042883,3.9875039950587934,-320.97721751647185,1.6592831210648082,-0.0008922625335691291
SPY260313C00645000,2026-03-12 20:13:59+00:00,645.0,21.38,21.27,21.75,-9.660002,-31.12114,64.0,141,0.463872548828125,True,REGULAR,USD,0.0027397260273972603,21.509999999999998,0.9683812304660421,0.4044428755654449,0.9373587091143933,0.008737532232378026,4.295164671504149,-338.7615654472805,1.651581199379106,-0.0009630646389231526
SPY260313C00646000,2026-03-12 20:01:21+00:00,646.0,20.69,20.34,20.73,-5.459999,-20.879538,34.0,24,0.44385321777343745,True,REGULAR,USD,0.0027397260273972603,20.535,0.9698825967148267,0.3947624772997778,0.9325528042392016,0.00948042665532202,4.548807797490873,-349.36667129911586,1.6454825159627913,-0.0010441182999775815
SPY260313C00647000,2026-03-12 20:12:41+00:00,647.0,19.4,19.37,19.75,-11.41,-37.033432,5.0,16,0.4304256176757813,True,REGULAR,USD,0.0027397260273972603,19.560000000000002,0.9713839629636112,0.3845427754953715,0.9274997861985402,0.010288729915186026,4.808839274275503,-359.04529209375085,1.6389328912780707,-0.0011339445348913049
SPY260313C00648000,2026-03-12 19:56:01+00:00,648.0,19.08,18.4,18.78,-9.93,-34.229576,64.0,267,0.4184628466796875,True,REGULAR,USD,0.0027397260273972603,18.59,0.9728853292123958,0.37478529253522824,0.9216297329420112,0.011201979350938326,5.102830539299631,-370.4845239129426,1.6308786237601078,-0.001230892380390425
SPY260313C00649000,2026-03-12 19:51:57+00:00,649.0,18.51,17.41,17.83,-7.99,-30.150944,35.0,14,0.4089414575195312,True,REGULAR,USD,0.0027397260273972603,17.619999999999997,0.9743866954611803,0.3644175544952994,0.915436734267399,0.012200858516846748,5.40410176686567,-380.7520669159056,1.6222350164475965,-0.0013387981347883875
SPY260313C00650000,2026-03-12 20:11:21+00:00,650.0,16.64,16.47,16.88,-9.52,-36.39144,1008.0,3867,0.3986876538085938,True,REGULAR,USD,0.0027397260273972603,16.674999999999997,0.9758880617099649,0.3577851990340106,0.906238240996518,0.013419707998865205,5.835784888355193,-402.21120825629305,1.608038462247983,-0.001438061039709077
SPY260313C00651000,2026-03-12 19:56:01+00:00,651.0,16.22,15.53,15.94,-11.85,-42.21589,46.0,369,0.3891662646484375,True,REGULAR,USD,0.0027397260273972603,15.735,0.9773894279587495,0.3508440071264034,0.8961539041858231,0.014747579702438797,6.288812594345329,-423.61729802850664,1.5922116900737182,-0.0015412490005868849
SPY260313C00652000,2026-03-12 20:04:51+00:00,652.0,15.39,14.64,15.01,-8.5199995,-35.633625,185.0,186,0.38013315185546875,True,REGULAR,USD,0.0027397260273972603,14.825,0.978890794207534,0.34718869821772147,0.8826908906999549,0.01626395434337693,6.863182767441922,-455.5248154860441,1.570137239493472,-0.0016214360427551265
SPY260313C00653000,2026-03-12 19:59:08+00:00,653.0,13.92,13.69,14.08,-12.02,-46.3377,95.0,21,0.370123486328125,True,REGULAR,USD,0.0027397260273972603,13.885,0.9803921604563186,0.33780439663858775,0.8716845348241851,0.017800978475787297,7.308748391299284,-471.0091063790604,1.552627942819551,-0.0017413703393493185
SPY260313C00654000,2026-03-12 19:59:08+00:00,654.0,13.02,12.83,13.18,-9.49,-42.15904,85.0,80,0.36255520263671875,True,REGULAR,USD,0.0027397260273972603,13.004999999999999,0.9818935267051031,0.33509106919643455,0.8545589540302435,0.019549926062796732,7.962360028983759,-506.9815022044684,1.5237877666669422,-0.0017968408931329125
SPY260313C00655000,2026-03-12 20:13:59+00:00,655.0,12.01,11.94,12.3,-8.809999,-42.31508,393.0,173,0.35596347167968745,True,REGULAR,USD,0.0027397260273972603,12.120000000000001,0.9833948929538877,0.3298779907293354,0.8374709265095512,0.0213740008228262,8.569845666744285,-535.6001093624413,1.4950298171676049,-0.0018610836709097472
SPY260313C00656000,2026-03-12 20:03:43+00:00,656.0,11.72,11.12,11.48,-9.409999,-44.533833,113.0,35,0.35425450439453116,True,REGULAR,USD,0.0027397260273972603,11.3,0.9848962592026722,0.3300657780415258,0.8146770201211566,0.023222000768424428,9.316096351569893,-580.3279599380371,1.4556815726928496,-0.0018415535484194196
SPY260313C00657000,2026-03-12 20:14:31+00:00,657.0,10.4,10.21,10.58,-9.140001,-46.77585,124.0,234,0.34265794067382804,True,REGULAR,USD,0.0027397260273972603,10.395,0.9863976254514568,0.31926279523245427,0.7978118554590226,0.025317336640232575,9.82426721415276,-591.1973397212895,1.4273850968017046,-0.0019346325008061632
SPY260313C00658000,2026-03-12 20:07:48+00:00,658.0,9.7,9.39,9.77,-9.2,-48.67725,401.0,166,0.3382634533691406,True,REGULAR,USD,0.0027397260273972603,9.58,0.9878989917002414,0.3159057302771256,0.7735337882918252,0.027331654818137364,10.494391683196271,-623.2593394452864,1.385314828995605,-0.001903604713782039
SPY260313C00659000,2026-03-12 20:10:00+00:00,659.0,8.92,8.59,8.97,-9.530001,-51.65312,386.0,194,0.3327703442382813,True,REGULAR,USD,0.0027397260273972603,8.780000000000001,0.9894003579490259,0.31179854651885835,0.747663506666696,0.029377691833056982,11.133343165409038,-651.1592152299974,1.3402979543538156,-0.001847139188398202
SPY260313C00660000,2026-03-12 20:14:48+00:00,660.0,8.04,7.88,8.1,-9.05,-52.954945,1399.0,3017,0.31958688232421867,True,REGULAR,USD,0.0027397260273972603,7.99,0.9909017241978105,0.3064468226177759,0.7203872235687244,0.031486952580906745,11.727882097736956,-672.909439082806,1.2926879790901769,-0.001768411246425627
SPY260313C00661000,2026-03-12 20:10:54+00:00,661.0,7.27,7.14,7.36,-8.92,-55.095737,1011.0,172,0.31555860229492183,True,REGULAR,USD,0.0027397260273972603,7.25,0.992403090446595,0.30308619536929643,0.6896490023306376,0.033404233283940675,12.305563405006536,-696.9585859875607,1.2386235967357848,-0.0016145490615613472
SPY260313C00662000,2026-03-12 20:14:02+00:00,662.0,6.5,6.5,6.65,-8.82,-57.571804,1112.0,181,0.31153032226562494,True,REGULAR,USD,0.0027397260273972603,6.575,0.9939044566953796,0.3024445749177945,0.6555613132121254,0.0349211000007459,12.837118569566494,-724.0632860726456,1.1782689498015588,-0.0013784384803062109
SPY260313C00663000,2026-03-12 20:14:26+00:00,663.0,5.93,5.81,5.95,-8.77,-59.659866,1720.0,527,0.30591514404296877,True,REGULAR,USD,0.0027397260273972603,5.88,0.9954058229441641,0.2976792248882918,0.6215909647472175,0.03664141722877513,13.257286069609508,-734.9347365158767,1.118183223183491,-0.0011483254268964942
SPY260313C00664000,2026-03-12 20:14:49+00:00,664.0,5.29,5.19,5.26,-7.8599997,-59.771862,2823.0,677,0.29871306762695304,True,REGULAR,USD,0.0027397260273972603,5.225,0.9969071891929487,0.2934083534688542,0.585430950898741,0.0381028565951699,13.588260023951337,-741.4795849129055,1.0539921581543321,-0.000861072808027647
SPY260313C00665000,2026-03-12 20:14:45+00:00,665.0,4.65,4.6,4.65,-8.26,-63.98141,8233.0,3475,0.29492892578124996,True,REGULAR,USD,0.0027397260273972603,4.625,0.9984085554417333,0.2905199670871539,0.5472978129092705,0.03911114664687456,13.81053088236403,-745.2075733307247,0.9860498080278669,-0.0005176115128017064
SPY260313C00666000,2026-03-12 20:14:59+00:00,666.0,4.05,4.01,4.06,-8.2,-66.938774,12049.0,550,0.2898020239257812,True,REGULAR,USD,0.0027397260273972603,4.035,0.9999099216905178,0.28559792653990107,0.5080211753624023,0.04005901826205524,13.905582635254108,-736.8343860767917,0.9159933775934127,-0.00014104084016079891
SPY260313C00667000,2026-03-12 20:14:59+00:00,667.0,3.5,3.47,3.51,-7.2700005,-67.50233,34926.0,892,0.2846751220703124,False,REGULAR,USD,0.0027397260273972603,3.49,1.0014112879393025,0.2810532954124611,0.4674039822116789,0.04057902230418771,13.861942702546711,-722.1071425624328,0.8433673842487234,0.0002778301078128396
SPY260313C00668000,2026-03-12 20:14:58+00:00,668.0,3.03,3.0,3.02,-7.4800005,-71.17032,78203.0,821,0.2810130493164062,False,REGULAR,USD,0.0027397260273972603,3.01,1.002912654188087,0.2782283849184424,0.4263605846176494,0.04042571688453618,13.670770837968744,-704.2853904962155,0.7697855615036623,0.0007130168474792699
SPY260313C00669000,2026-03-12 20:14:56+00:00,669.0,2.58,2.53,2.56,-7.0,-73.06889,64477.0,998,0.27637442382812494,False,REGULAR,USD,0.0027397260273972603,2.545,1.0044140204368714,0.27340418514195003,0.384490606007937,0.04008722030666064,13.32124879539079,-673.8209786095846,0.6946542796664458,0.0011750486070334373
SPY260313C00670000,2026-03-12 20:14:57+00:00,670.0,2.14,2.11,2.15,-6.7799997,-76.008965,124077.0,4796,0.27234614379882804,False,REGULAR,USD,0.0027397260273972603,2.13,1.005915386685656,0.26906873153466443,0.34284006374893583,0.03918418363662323,12.814683162013747,-637.4208791846102,0.6197864432586768,0.0016317668509195729
SPY260313C00671000,2026-03-12 20:14:58+00:00,671.0,1.77,1.74,1.78,-6.03,-77.30769,56237.0,1477,0.26807372558593745,False,REGULAR,USD,0.0027397260273972603,1.76,1.0074167529344407,0.264849039897195,0.30188746599662464,0.03776229080434398,12.155996706218273,-594.7448020108734,0.5460689405430975,0.002065783665652168
SPY260313C00672000,2026-03-12 20:14:54+00:00,672.0,1.45,1.42,1.45,-5.8199997,-80.05502,58234.0,2293,0.26367923828125,False,REGULAR,USD,0.0027397260273972603,1.435,1.0089181191832253,0.26079642756187543,0.26227366116895456,0.03583514726011737,11.359119540575353,-546.887090154788,0.4746711966412245,0.0024542572232933496
SPY260313C00673000,2026-03-12 20:14:59+00:00,673.0,1.15,1.13,1.16,-5.42,-82.49619,34493.0,2032,0.25891854370117195,False,REGULAR,USD,0.0027397260273972603,1.145,1.0104194854320099,0.2560873584563054,0.22385563383833879,0.0334952120787801,10.425687680875312,-492.5881683649249,0.4053596792541067,0.002798135088978503
SPY260313C00674000,2026-03-12 20:14:59+00:00,674.0,0.92,0.9,0.92,-5.08,-84.666664,40628.0,2358,0.2551344018554688,False,REGULAR,USD,0.0027397260273972603,0.91,1.0119208516807943,0.25280887524067436,0.18903417425014024,0.030692564397213195,9.431034435760026,-439.63166205895953,0.3424605524340828,0.0030234857216623295
SPY260313C00675000,2026-03-12 20:14:58+00:00,675.0,0.7,0.7,0.71,-4.6000004,-86.79246,76128.0,7990,0.25049577636718745,False,REGULAR,USD,0.0027397260273972603,0.705,1.0134222179295789,0.2487695989979882,0.15628467782991062,0.027624965199218733,8.352815412857518,-382.94880220358147,0.2832601975961145,0.0031750904184813878
SPY260313C00676000,2026-03-12 20:14:56+00:00,676.0,0.55,0.53,0.55,-4.1299996,-88.24786,31917.0,2980,0.24781025634765624,False,REGULAR,USD,0.0027397260273972603,0.54,1.0149235841783635,0.24539473508213383,0.12731707491370875,0.024371731143476315,7.269180581177323,-328.58450457986896,0.23085153569402758,0.00320860580959683
SPY260313C00677000,2026-03-12 20:14:58+00:00,677.0,0.42,0.4,0.43,-3.67,-89.73105,24309.0,4535,0.247077841796875,False,REGULAR,USD,0.0027397260273972603,0.41500000000000004,1.016424950427148,0.2435426957338627,0.10313575926962115,0.02113957296383339,6.257561941862554,-280.58846919744616,0.18706740612210318,0.0031150066691552057
SPY260313C00678000,2026-03-12 20:14:59+00:00,678.0,0.32,0.31,0.32,-3.24,-91.01124,24780.0,3725,0.2436599072265625,False,REGULAR,USD,0.0027397260273972603,0.315,1.0179263166759327,0.24187935714592598,0.08237882490405501,0.018023892472026178,5.298845195733217,-235.873512011772,0.14946366779138856,0.0029422959887174076
SPY260313C00679000,2026-03-12 20:14:58+00:00,679.0,0.24,0.23,0.24,-2.81,-92.13115,20808.0,3131,0.242195078125,False,REGULAR,USD,0.0027397260273972603,0.235,1.019427682924717,0.24013075566660677,0.06466933809753356,0.015085670008264511,4.402975100708363,-194.49971074681602,0.1173661796041057,0.0027104403932330526
SPY260313C00680000,2026-03-12 20:14:58+00:00,680.0,0.18,0.18,0.19,-2.3799999,-92.96874,110804.0,18326,0.24414818359375,False,REGULAR,USD,0.0027397260273972603,0.185,1.0209290491735017,0.2418245049614759,0.05237271999931442,0.012692964545628191,3.730759150012544,-165.90036585801775,0.09506402182155138,0.002423356274079309
SPY260313C00681000,2026-03-12 20:14:59+00:00,681.0,0.13,0.13,0.14,-2.0,-93.896706,27842.0,5031,0.24268335449218748,False,REGULAR,USD,0.0027397260273972603,0.135,1.0224304154222863,0.2402858686958037,0.040095501135692345,0.010306744026637827,3.010118266536123,-132.958105456682,0.07279724780435086,0.0021371086450763673
SPY260313C00682000,2026-03-12 20:14:52+00:00,682.0,0.11,0.1,0.11,-1.63,-93.67816,25489.0,5557,0.245124736328125,False,REGULAR,USD,0.0027397260273972603,0.10500000000000001,1.023931781671071,0.2420685889794194,0.031983478580460745,0.008501207922301987,2.5012258900465345,-111.26213536456858,0.05807648127184432,0.0018532399222708337
SPY260313C00683000,2026-03-12 20:14:20+00:00,683.0,0.08,0.07,0.08,-1.3199999,-94.28571,11755.0,6298,0.24414818359375,False,REGULAR,USD,0.0027397260273972603,0.07500000000000001,1.0254331479198555,0.2407124875813132,0.023896298598417402,0.006705349578716021,1.9617961769032506,-86.75284425160419,0.04340100980962525,0.0015713531274698103
SPY260313C00684000,2026-03-12 20:14:31+00:00,684.0,0.05,0.05,0.07,-1.07,-95.53572,11189.0,5226,0.25098405273437496,False,REGULAR,USD,0.0027397260273972603,0.060000000000000005,1.02693451416864,0.2439981424157323,0.01936979671032881,0.0055392280412047325,1.6427429164656633,-73.61371932290642,0.03518204587130979,0.0013376187978440116
SPY260313C00685000,2026-03-12 20:14:45+00:00,685.0,0.05,0.04,0.05,-0.78999996,-94.04762,13904.0,11006,0.2500075,False,REGULAR,USD,0.0027397260273972603,0.045,1.0284358804174245,0.24503382454094375,0.014925645492697317,0.0044142007413407605,1.3146554811228968,-59.146412874591206,0.027113357223343196,0.0011157284095328424
SPY260313C00686000,2026-03-12 20:14:57+00:00,686.0,0.05,0.03,0.04,-0.59,-92.18749,7347.0,4797,0.25196060546875,False,REGULAR,USD,0.0027397260273972603,0.035,1.0299372466662091,0.24744683390880068,0.011806076509044767,0.0035697523503296184,1.073627996852994,-48.76623679172451,0.021448096639500775,0.0009312253266190323
SPY260313C00687000,2026-03-12 20:14:52+00:00,687.0,0.03,0.03,0.04,-0.43,-93.47826,5646.0,5023,0.26367923828125,False,REGULAR,USD,0.0027397260273972603,0.035,1.0314386129149937,0.2580509753467399,0.01137300918496065,0.003313764247189808,1.0393479200599411,-49.21918633451479,0.020657797392758786,0.0008339837825413633
SPY260313C00688000,2026-03-12 20:14:57+00:00,688.0,0.03,0.02,0.03,-0.29,-90.625,6307.0,6246,0.26367923828125,False,REGULAR,USD,0.0027397260273972603,0.025,1.032939979163778,0.2574660806375383,0.008405587789672616,0.002550432204011792,0.7981189891742131,-37.70259287498791,0.015270207614842511,0.0006754874281178168
SPY260313C00689000,2026-03-12 20:13:24+00:00,689.0,0.02,0.02,0.03,-0.21000001,-91.304344,5458.0,6496,0.273444765625,False,REGULAR,USD,0.0027397260273972603,0.025,1.0344413454125627,0.2675899773652523,0.008118656264067211,0.0023802116482332064,0.7741395531532097,-37.99927682631429,0.014746601597979707,0.0006096652966397977
SPY260313C00690000,2026-03-12 20:14:09+00:00,690.0,0.02,0.01,0.02,-0.13000001,-86.66667,13413.0,21324,0.27149166015625,False,REGULAR,USD,0.0027397260273972603,0.015,1.0359427116613473,0.26185747509813023,0.005199475807690489,0.0016400371588853808,0.5219783647876988,-25.0691247113702,0.009447021482055812,0.0004578443095262743
SPY260313C00691000,2026-03-12 20:12:21+00:00,691.0,0.01,0.01,0.02,-0.1,-90.90909,4116.0,4869,0.28125718749999995,False,REGULAR,USD,0.0027397260273972603,0.015,1.037444077910132,0.2714096642946828,0.00503310710811843,0.0015371668307887563,0.507084284228109,-25.237343958180276,0.009143423776123209,0.00041577348920133995
SPY260313C00692000,2026-03-12 20:14:13+00:00,692.0,0.01,0.01,0.02,-0.049999997,-83.333336,4444.0,6183,0.2890696093749999,False,REGULAR,USD,0.0027397260273972603,0.015,1.0389454441589165,0.2809071469635912,0.004877431120992058,0.0014441998158332707,0.49308740856038746,-25.394972832101313,0.008859347025796016,0.00037894782134624777
SPY260313C00693000,2026-03-12 20:11:40+00:00,693.0,0.01,0.01,0.02,-0.049999997,-83.333336,3115.0,11461,0.3007882421875,False,REGULAR,USD,0.0027397260273972603,0.015,1.040446810407701,0.29037103358721195,0.0047337898118498195,0.0013603865256021088,0.48011961654615365,-25.555965638245414,0.00859721391761326,0.00034663823580690126
SPY260313C00694000,2026-03-12 20:14:56+00:00,694.0,0.01,0.01,0.02,-0.03,-75.0,5137.0,11306,0.3086006640625,False,REGULAR,USD,0.0027397260273972603,0.015,1.0419481766564855,0.299769966120061,0.00459702276532405,0.0012837120061417848,0.46772389787128854,-25.698088287900042,0.008347651204181015,0.00031802049277072453
